generator_loss,discriminator_loss
0.07054603099822998,9.912530899047852
0.10000238567590714,7.865502834320068
0.17279447615146637,3.3163928985595703
0.23911690711975098,2.5652849674224854
0.2969212234020233,1.6509554386138916
0.0645984336733818,0.31927502155303955
-0.10272333770990372,0.08147144317626953
-0.23592360317707062,-0.7113692760467529
-0.41263046860694885,-0.7839356660842896
-0.45434924960136414,-1.1518398523330688
-0.5249758958816528,-1.1136338710784912
-0.559895932674408,-1.071653127670288
-0.6767288446426392,-1.0346157550811768
-0.7884500026702881,-1.0802298784255981
-0.8002365231513977,-1.0939568281173706
-1.0351978540420532,-0.8925989270210266
-1.2510560750961304,-0.8273805975914001
-1.3778332471847534,-0.6785978674888611
-1.4880887269973755,-0.5061231255531311
-1.516598105430603,-0.3659600019454956
-1.652268648147583,-0.23471976816654205
-1.7307182550430298,-0.2059793472290039
-1.8393713235855103,-0.21376259624958038
-1.660302758216858,0.017482876777648926
-1.9414167404174805,-0.09169577807188034
-1.9109108448028564,-0.1147361546754837
-2.0113091468811035,-0.0944269597530365
-1.9094829559326172,-0.07618343830108643
-2.0486514568328857,-0.09337548911571503
-1.9114350080490112,-0.152998685836792
-1.8768004179000854,-0.15623046457767487
-1.8956482410430908,-0.14955967664718628
-1.6788228750228882,0.09739390015602112
-2.0985143184661865,-0.11656597256660461
-1.9332249164581299,-0.12384670972824097
-1.8900059461593628,-0.12244073301553726
-1.9580144882202148,-0.1769239902496338
-1.8035389184951782,-0.11071634292602539
-1.8595373630523682,-0.11320635676383972
-1.6208317279815674,-0.12132151424884796
-1.7688652276992798,-0.09772001951932907
-1.6882286071777344,-0.18363241851329803
-1.8887529373168945,-0.241147980093956
-1.8555477857589722,-0.10452927649021149
-1.830687403678894,-0.15919654071331024
-1.8996282815933228,0.009799391031265259
-1.9846996068954468,-0.08520074933767319
-1.918492317199707,-0.09375359117984772
-1.9005893468856812,0.03668186068534851
-1.9197248220443726,-0.13078635931015015
-1.7816002368927002,-0.07360845804214478
-1.8495521545410156,-0.1799887716770172
-1.8110589981079102,-0.1320384442806244
-1.8246968984603882,-0.2468845695257187
-1.9024900197982788,-0.14924591779708862
-1.8717368841171265,-0.1267624795436859
-1.9039238691329956,-0.0645233690738678
-1.962255835533142,-0.06540282070636749
-1.8568840026855469,-0.002337336540222168
-1.9067953824996948,0.024409659206867218
-1.9599841833114624,0.05566015839576721
-1.9596141576766968,0.3117937445640564
-1.4883078336715698,0.410581111907959
-1.2164764404296875,0.04644829034805298
-1.8336457014083862,0.40517503023147583
-1.207271933555603,-0.6304384469985962
-0.9018039703369141,-0.717593789100647
-0.7635571360588074,-0.6734777688980103
-0.9934493899345398,-0.8676018714904785
-1.176634669303894,-0.6288703680038452
-1.481383204460144,-0.2542060315608978
-1.7096384763717651,0.0031452644616365433
-1.6943638324737549,0.0687800794839859
-1.6695784330368042,0.015550518408417702
-1.5424737930297852,0.06009162217378616
-1.5278990268707275,0.022284839302301407
-1.5262737274169922,-0.036752812564373016
-1.5098146200180054,-0.08798809349536896
-1.5180336236953735,-0.041092172265052795
-1.543253779411316,0.11559394001960754
-1.4571870565414429,-0.14012502133846283
-1.458045244216919,-0.10716866701841354
-1.4931814670562744,-0.12248578667640686
-1.5484217405319214,-0.05426851287484169
-1.668569564819336,0.013195043429732323
-1.8440361022949219,0.12122094631195068
-1.9794763326644897,0.08823782205581665
-1.9896827936172485,-0.21802546083927155
-2.091770887374878,-0.2894989848136902
-2.01265811920166,-0.4572542905807495
-2.0408318042755127,-0.478198766708374
-2.0556652545928955,-0.3255903124809265
-2.1052587032318115,-0.12394343316555023
-2.1963908672332764,-0.179179847240448
-2.2114667892456055,-0.15776383876800537
-2.205012083053589,-0.10894216597080231
-2.179429054260254,-0.1750638484954834
-2.1563167572021484,-0.12361700087785721
-2.084108829498291,-0.07273897528648376
-2.0821821689605713,-0.27684706449508667
-2.1018457412719727,-0.16275116801261902
-2.0976555347442627,-0.15371739864349365
-1.9442945718765259,-0.18162818253040314
-2.0623984336853027,-0.08403041213750839
-2.0571916103363037,-0.16943931579589844
-2.036905288696289,-0.1599682867527008
-2.0425522327423096,-0.11990200728178024
-2.0575788021087646,-0.17852744460105896
-2.1091816425323486,-0.0967501699924469
-2.1212494373321533,-0.12762413918972015
-2.1820547580718994,-0.012058675289154053
-2.167802333831787,0.05989562347531319
-2.263289213180542,0.03287191689014435
-2.118769645690918,-0.171284481883049
-2.125004291534424,1.0875214338302612
-2.1568925380706787,-0.25737160444259644
-2.0137689113616943,-0.4221845865249634
-2.053178071975708,-0.3080044388771057
-2.172327995300293,-0.13553699851036072
-2.222583532333374,-0.01818334497511387
-2.304110288619995,0.00710691511631012
-2.404202699661255,0.0621923990547657
-2.517068862915039,0.024561908096075058
-2.5203535556793213,0.07548011094331741
-2.6037750244140625,0.060753628611564636
-2.353746175765991,0.003117382526397705
-2.4496304988861084,-0.2995445728302002
-2.4565865993499756,-0.32189345359802246
-2.514967203140259,-0.06799747049808502
-2.555469274520874,-0.10028810799121857
-2.553246021270752,-0.11804349720478058
-2.555877685546875,-0.03352287411689758
-2.5942370891571045,0.005395360291004181
-2.5796310901641846,-0.08461382985115051
-2.597175359725952,-0.12107474356889725
-2.6083991527557373,-0.1107943207025528
-2.6081366539001465,-0.13860894739627838
-2.5756633281707764,-0.06938502192497253
-2.469707489013672,-0.2806690037250519
-2.3935160636901855,-0.2113371044397354
-2.411242723464966,-0.16420698165893555
-2.455946445465088,-0.14106881618499756
-2.4729983806610107,-0.18016421794891357
-2.443683624267578,-0.23563790321350098
-2.4650843143463135,-0.23163031041622162
-2.53061580657959,-0.18254870176315308
-2.6099472045898438,-0.17506150901317596
-2.591810941696167,-0.1621221899986267
-2.6252715587615967,-0.1889132857322693
-2.655583620071411,-0.18842068314552307
-2.6862893104553223,-0.10760381817817688
-2.762566328048706,-0.04083430767059326
-2.7514779567718506,-0.06066380441188812
-2.6878583431243896,-0.16979384422302246
-2.718282699584961,-0.16549602150917053
-2.647383213043213,-0.2592919170856476
-2.616882801055908,-0.3984958529472351
-2.608552932739258,-0.39672473073005676
-2.592344045639038,-0.23290342092514038
-2.6600465774536133,-0.19615942239761353
-2.745415210723877,-0.1671886146068573
-2.686901092529297,-0.12400594353675842
-2.7212674617767334,-0.1124240830540657
-2.811663866043091,0.05663895606994629
-2.899369478225708,-0.07203720510005951
-2.811724901199341,-0.14959314465522766
-2.9211766719818115,-0.16150885820388794
-2.868067502975464,-0.29473039507865906
-2.7580065727233887,-0.35840779542922974
-2.8066861629486084,-0.08998611569404602
-2.987389087677002,0.11038631200790405
-2.8218743801116943,-0.18290168046951294
-2.701284646987915,-0.23079527914524078
-2.814095973968506,-0.21664732694625854
-2.7223470211029053,-0.19516491889953613
-2.7101495265960693,-0.304254412651062
-2.610874891281128,-0.28435978293418884
-2.6844193935394287,-0.25388988852500916
-2.787336587905884,-0.03758157044649124
-2.704777479171753,-0.19646380841732025
-2.578767776489258,-0.2195875346660614
-2.549272298812866,-0.28429657220840454
-2.593898057937622,-0.16148634254932404
-2.676753282546997,-0.23795241117477417
-2.612603187561035,-0.3099880516529083
-2.587326765060425,-0.15020160377025604
-2.627760887145996,-0.28287357091903687
-2.6457021236419678,-0.23675860464572906
-2.581860303878784,-0.21035560965538025
-2.6920993328094482,-0.18216350674629211
-2.697894334793091,-0.18495512008666992
-2.6553895473480225,-0.302902489900589
-2.770198106765747,-0.3089578449726105
-2.6619553565979004,-0.24515604972839355
-2.766096591949463,-0.2083592414855957
-2.7114381790161133,-0.2556731104850769
-2.7148830890655518,-0.2300645262002945
-2.777069568634033,-0.2571517825126648
-2.731884002685547,0.03484956920146942
-2.7080578804016113,0.12793299555778503
-2.720188617706299,-0.1976279765367508
-2.640899419784546,-0.2906978726387024
-2.68035888671875,-0.26593536138534546
-2.714783191680908,-0.25345879793167114
-2.6083829402923584,-0.32944154739379883
-2.5972657203674316,-0.28612667322158813
-2.64925217628479,-0.20372602343559265
-2.5663814544677734,-0.17108969390392303
-2.6869053840637207,-0.15453395247459412
-2.7021644115448,-0.21873611211776733
-2.65179443359375,-0.26683706045150757
-2.7352101802825928,-0.1659480333328247
-2.7780063152313232,-0.18451429903507233
-2.737826108932495,-0.26110875606536865
-2.793517827987671,-0.22933398187160492
-2.824436664581299,-0.20663435757160187
-2.7123286724090576,-0.21953070163726807
-2.7499547004699707,-0.20338529348373413
-2.7721152305603027,-0.1950049251317978
-2.879547119140625,-0.20465855300426483
-2.847522497177124,-0.23941200971603394
-2.8193554878234863,-0.24476943910121918
-2.722604513168335,-0.36553606390953064
-2.8954522609710693,-0.10494831949472427
-2.886199712753296,-0.18126946687698364
-2.9386658668518066,-0.19420985877513885
-2.966028928756714,-0.20321139693260193
-2.966421604156494,-0.269204705953598
-3.029867649078369,-0.2877817153930664
-3.0450005531311035,-0.24952715635299683
-3.0494964122772217,-0.17382241785526276
-2.9700100421905518,-0.20109954476356506
-3.0021743774414062,-0.2624848484992981
-2.930077075958252,-0.039113789796829224
-3.0140342712402344,-0.25359201431274414
-2.920448064804077,-0.23831680417060852
-2.9600589275360107,-0.1987467110157013
-2.992462635040283,-0.18083372712135315
-2.9834516048431396,-0.23324494063854218
-3.005903959274292,-0.20838510990142822
-3.0926778316497803,-0.13851290941238403
-3.245931386947632,0.5050344467163086
-3.094252586364746,-0.14695945382118225
-3.067216634750366,-0.21529237926006317
-2.962294816970825,-0.28454121947288513
-2.946695566177368,-0.10373245179653168
-3.025407552719116,-0.2288777083158493
-2.9853873252868652,-0.23968778550624847
-2.919792890548706,-0.24216441810131073
-3.0255749225616455,-0.2655845284461975
-3.0513179302215576,-0.2169361561536789
-3.1444077491760254,-0.22314681112766266
-3.069817304611206,-0.1848480999469757
-3.0700955390930176,-0.29955828189849854
-3.163437604904175,-0.22538450360298157
-3.117356300354004,-0.28782469034194946
-3.0646133422851562,-0.27469825744628906
-3.119722366333008,-0.22447094321250916
-3.1460301876068115,-0.26209622621536255
-3.211829423904419,-0.22962799668312073
-3.227844715118408,-0.16979052126407623
-3.163473129272461,-0.19633075594902039
-3.1524813175201416,-0.1499134749174118
-3.1900782585144043,-0.10692628473043442
-3.0254807472229004,-0.23377886414527893
-3.02364182472229,-0.3724481761455536
-3.0415844917297363,-0.25920650362968445
-2.9087064266204834,-0.036227717995643616
-2.9360969066619873,0.09683781862258911
-3.1135151386260986,1.3258333206176758
-3.521665334701538,1.010533094406128
-3.0799243450164795,0.3846355676651001
-2.6006805896759033,0.0013782382011413574
-2.141873359680176,-0.6097981333732605
-1.8966976404190063,-0.9143897891044617
-1.69174325466156,-1.137665033340454
-1.5249276161193848,-1.101593017578125
-1.4981451034545898,-1.2295631170272827
-1.640039324760437,-1.04993736743927
-1.944472312927246,-0.6094977855682373
-2.2404963970184326,-0.37002918124198914
-2.3142807483673096,-0.21871121227741241
-2.293715238571167,-0.20369470119476318
-2.3727810382843018,0.23174050450325012
-2.2774722576141357,-0.13535447418689728
-2.1853699684143066,-0.2749002277851105
-2.262552499771118,-0.10816289484500885
-2.2357676029205322,-0.08136119693517685
-2.286823272705078,-0.0700964406132698
-2.3481335639953613,-0.1112881749868393
-2.343639612197876,0.01453515887260437
-2.4303479194641113,-0.010217420756816864
-2.4968509674072266,-0.04866688326001167
-2.642685890197754,0.15731829404830933
-2.5619544982910156,0.37006789445877075
-2.2910492420196533,-0.14358648657798767
-2.1573503017425537,-0.27940940856933594
-1.994399905204773,-0.270841121673584
-2.0580711364746094,-0.31863459944725037
-2.1056270599365234,-0.2788538336753845
-2.2666571140289307,0.03295060247182846
-2.2981648445129395,0.05079153925180435
-2.440753936767578,0.2723868191242218
-2.5696473121643066,0.28592342138290405
-2.6179635524749756,0.3999265730381012
-2.5331871509552,0.27163487672805786
-2.302382230758667,0.042354270815849304
-2.1401474475860596,-0.3416286110877991
-2.1812233924865723,-0.2930111885070801
-2.230684995651245,0.1698266863822937
-2.1910407543182373,-0.35880953073501587
-2.2324912548065186,-0.35209566354751587
-2.239413022994995,-0.20535744726657867
-2.184067487716675,-0.20668809115886688
-2.145879030227661,-0.08956412225961685
-2.0326833724975586,-0.12243641912937164
-2.048975944519043,-0.08416562527418137
-2.104041576385498,-0.1455158293247223
-2.1479625701904297,-0.0657951831817627
-2.062457799911499,-0.032822802662849426
-2.1792542934417725,-0.24584123492240906
-2.2012341022491455,0.017798542976379395
-2.198612928390503,-0.16034044325351715
-2.18904709815979,-0.2976815402507782
-2.181952476501465,-0.19893969595432281
-2.1431772708892822,-0.1876872032880783
-2.1111667156219482,-0.2827131152153015
-2.180070161819458,-0.4672107994556427
-2.173405408859253,-0.24932071566581726
-2.178999423980713,-0.11397120356559753
-2.189350128173828,-0.2638338804244995
-2.264974355697632,-0.11454178392887115
-2.2908265590667725,-0.24274951219558716
-2.340665817260742,-0.018060192465782166
-2.389270067214966,0.15627428889274597
-2.4561336040496826,-0.03982744738459587
-2.583106279373169,0.07790182530879974
-2.7300801277160645,0.08234821259975433
-2.7728607654571533,0.16366183757781982
-2.7837483882904053,0.07522830367088318
-2.8964767456054688,0.10007035732269287
-2.4502506256103516,1.4225871562957764
-2.561511993408203,-0.30837565660476685
-2.756181001663208,-0.4081261456012726
-2.8609776496887207,-0.5676034688949585
-2.9013869762420654,-0.3567778170108795
-2.862694025039673,-0.41590023040771484
-2.9513862133026123,-0.27333229780197144
-2.9967973232269287,-0.15821340680122375
-2.9851479530334473,-0.23605524003505707
-2.910684108734131,-0.14237062633037567
-2.956082820892334,-0.0452728345990181
-2.814425230026245,-0.06735167652368546
-2.74660587310791,-0.15878331661224365
-2.65336012840271,-0.15659506618976593
-2.547231435775757,-0.12449523061513901
-2.493218183517456,-0.14501580595970154
-2.409184217453003,-0.217232346534729
-2.4230589866638184,-0.15063142776489258
-2.5173938274383545,-0.15504074096679688
-2.4613285064697266,-0.1868159919977188
-2.5335519313812256,-0.19849306344985962
-2.528324842453003,-0.1848357915878296
-2.539926290512085,-0.20434445142745972
-2.5555732250213623,-0.14554505050182343
-2.5449934005737305,-0.15758655965328217
-2.6001434326171875,-0.16884395480155945
-2.6249403953552246,-0.12456551194190979
-2.636561870574951,-0.2672483026981354
-2.711643934249878,-0.17068792879581451
-2.8209023475646973,-0.19627916812896729
-2.883751392364502,-0.09088252484798431
-2.8549916744232178,-0.2949189841747284
-3.011671543121338,-0.1469644457101822
-3.112072706222534,-0.15535569190979004
-3.2133452892303467,-0.08318684995174408
-3.3314404487609863,-0.0702601820230484
-3.441455841064453,-0.10681276023387909
-3.5017402172088623,-0.14629477262496948
-3.593240737915039,-0.19105254113674164
-3.7010560035705566,-0.28194329142570496
-3.7808914184570312,-0.23205098509788513
-3.8820114135742188,-0.18388405442237854
-4.010839939117432,-0.24170179665088654
-4.025838851928711,-0.18269099295139313
-4.019172191619873,-0.31088972091674805
-4.02567720413208,-0.20686975121498108
-3.968649387359619,-0.21742618083953857
-4.000524044036865,-0.199541836977005
-4.001636505126953,-0.18407924473285675
-3.8994367122650146,-0.11850662529468536
-3.882009983062744,-0.22817903757095337
-3.740368604660034,-0.16547921299934387
-3.744959592819214,-0.19223615527153015
-3.8583359718322754,-0.23347896337509155
-3.796131134033203,-0.19807061553001404
-3.818932294845581,-0.13746368885040283
-3.7530791759490967,-0.22311747074127197
-3.642460584640503,-0.2317703813314438
-3.5920417308807373,-0.19959557056427002
-3.5901267528533936,-0.1589779257774353
-3.6068055629730225,-0.19353137910366058
-3.643328905105591,-0.16215385496616364
-3.598412036895752,-0.12212824821472168
-3.518348455429077,-0.09556028246879578
-3.5280816555023193,-0.06993671506643295
-3.36845326423645,-0.0760522112250328
-3.3848302364349365,0.050910696387290955
-3.3144423961639404,-0.021658077836036682
-3.0669991970062256,-0.038456328213214874
-3.747732639312744,0.19692614674568176
-3.382352590560913,-0.2936549782752991
-3.0348899364471436,-0.6534466743469238
-2.792210578918457,-0.5485221147537231
-3.042949914932251,-0.5363971590995789
-3.095205545425415,-0.3133386969566345
-3.134260892868042,-0.29737967252731323
-3.1027867794036865,-0.22755122184753418
-3.009617567062378,-0.17901866137981415
-2.9522252082824707,-0.1816304624080658
-3.1137609481811523,-0.12131617218255997
-3.038408041000366,-0.08797961473464966
-3.0766255855560303,-0.07995881885290146
-3.0422914028167725,-0.11304672062397003
-3.0253169536590576,-0.17197680473327637
-3.043278455734253,-0.1547582745552063
-3.019392728805542,-0.16577506065368652
-3.025336980819702,-0.19711527228355408
-3.145317792892456,-0.0975305587053299
-3.089604616165161,-0.18598204851150513
-3.1007120609283447,-0.19039638340473175
-3.069615125656128,-0.19052714109420776
-3.0681216716766357,-0.1839464008808136
-3.0653302669525146,-0.22236520051956177
-3.138969898223877,-0.17414003610610962
-3.1493070125579834,-0.12675543129444122
-3.05594801902771,-0.1484764665365219
-3.0054471492767334,-0.014730870723724365
-3.1059818267822266,-0.22181110084056854
-3.0950417518615723,-0.25650328397750854
-3.1379411220550537,-0.17465537786483765
-3.143386125564575,-0.15150301158428192
-3.1603150367736816,-0.19322392344474792
-3.115952968597412,-0.26819688081741333
-3.140723943710327,-0.1635543256998062
-3.26355242729187,-0.1418437957763672
-3.316200017929077,-0.15330879390239716
-3.406597137451172,-0.10828374326229095
-3.431143283843994,-0.21777065098285675
-3.5025718212127686,-0.14613236486911774
-3.5044620037078857,-0.18442633748054504
-3.498906373977661,-0.4110085070133209
-3.652423858642578,-0.34510546922683716
-3.6673030853271484,-0.4129897952079773
-3.796778917312622,-0.32802003622055054
-3.7637100219726562,-0.2830440402030945
-3.831791639328003,-0.16490601003170013
-3.7487118244171143,-0.18269246816635132
-3.7327194213867188,-0.15880216658115387
-3.79441499710083,-0.1854546219110489
-3.64570689201355,-0.18901875615119934
-3.7535767555236816,-0.23644593358039856
-3.770703077316284,-0.11944213509559631
-3.702321767807007,-0.149478942155838
-3.711912155151367,-0.22311975061893463
-3.767402410507202,-0.12009859085083008
-3.8277618885040283,-0.13651727139949799
-3.791785478591919,-0.07597976177930832
-3.723036527633667,-0.08632205426692963
-3.732320547103882,-0.0026402994990348816
-3.7983264923095703,-0.02971731126308441
-3.8394927978515625,-0.03636905550956726
-3.9079654216766357,0.10782378911972046
-3.7596898078918457,-0.005783110857009888
-3.6629223823547363,-0.21599918603897095
-3.546299695968628,-0.5722312331199646
-3.384686231613159,-0.45395711064338684
-3.4027974605560303,-0.43972668051719666
-3.316181182861328,-0.4331625998020172
-3.362203359603882,-0.3261333405971527
-3.347682237625122,-0.24852114915847778
-3.3006703853607178,-0.2709009051322937
-3.189657211303711,-0.18303179740905762
-3.188086986541748,-0.16154849529266357
-3.0969114303588867,-0.23201221227645874
-3.1163783073425293,-0.10304610431194305
-2.9597413539886475,-0.3043156862258911
-3.0071170330047607,-0.19666394591331482
-2.8680543899536133,-0.31986576318740845
-2.9041099548339844,-0.37567490339279175
-2.8564016819000244,-0.33287864923477173
-2.9044625759124756,-0.2892474830150604
-2.9567768573760986,-0.2567560374736786
-2.933067798614502,-0.31527119874954224
-3.0147910118103027,-0.19997064769268036
-2.9721601009368896,-0.18599224090576172
-2.989644765853882,-0.29334014654159546
-3.0022637844085693,-0.33676815032958984
-2.8817641735076904,-0.21021397411823273
-3.0075509548187256,-0.24495835602283478
-2.9610142707824707,-0.14927206933498383
-2.923661470413208,-0.37045255303382874
-3.0540757179260254,-0.2927693724632263
-2.9895920753479004,-0.2836682200431824
-3.0749154090881348,-0.16677317023277283
-3.1371781826019287,-0.1726866513490677
-3.053903579711914,-0.30621278285980225
-3.279897689819336,-0.20908620953559875
-3.3295228481292725,-0.12644319236278534
-3.2282395362854004,-0.12470703572034836
-3.359375476837158,-0.17954511940479279
-3.3163745403289795,-0.14568229019641876
-3.237154722213745,-0.12287729233503342
-3.1668412685394287,0.07934585213661194
-3.0933034420013428,-0.1922796368598938
-3.2020459175109863,-0.315367192029953
-3.2482388019561768,-0.4218733608722687
-3.3926894664764404,-0.37696340680122375
-3.503283739089966,-0.3560662567615509
-3.2061398029327393,-0.45082974433898926
-3.3340775966644287,-0.40360260009765625
-3.3383853435516357,-0.36641764640808105
-3.2248787879943848,-0.29735395312309265
-3.3809285163879395,-0.2419988512992859
-3.369666337966919,-0.3249722719192505
-3.405430316925049,-0.18725869059562683
-3.3153133392333984,-0.1900833547115326
-3.315138339996338,-0.13685983419418335
-3.273730516433716,-0.19892996549606323
-3.3031280040740967,-0.40064796805381775
-3.32121205329895,-0.24224664270877838
-3.4017434120178223,-0.27115073800086975
-3.3486855030059814,-0.20893877744674683
-3.3093202114105225,-0.19899460673332214
-3.437335252761841,-0.2707498073577881
-3.3119924068450928,-0.2988535761833191
-3.5080952644348145,-0.23591992259025574
-3.4026615619659424,-0.17938107252120972
-3.3323326110839844,-0.2816704511642456
-3.34208083152771,-0.12458542734384537
-3.337308168411255,-0.2693474590778351
-3.4373626708984375,-0.29201918840408325
-3.457836627960205,-0.177470400929451
-3.295816421508789,-0.19779159128665924
-3.3067963123321533,-0.0203036367893219
-3.294651746749878,-0.1587110459804535
-3.1934211254119873,-0.19280871748924255
-3.3187637329101562,-0.1402578353881836
-3.0190374851226807,-0.17770469188690186
-2.859441041946411,-0.33034947514533997
-2.860405683517456,-0.4484384059906006
-2.957443952560425,-0.33235734701156616
-2.924008846282959,-0.2782800495624542
-2.814622402191162,-0.463408887386322
-2.8986637592315674,-0.2503773868083954
-2.8685250282287598,-0.355327844619751
-2.8780148029327393,-0.28007972240448
-3.005969762802124,-0.278557151556015
-2.8537540435791016,-0.33665215969085693
-2.967320203781128,-0.2888544499874115
-2.8596184253692627,-0.5575518608093262
-3.0401599407196045,-0.3635045886039734
-2.9891490936279297,-0.31852078437805176
-2.8676133155822754,-0.3646851181983948
-2.925248384475708,-0.26597321033477783
-3.011378526687622,-0.30326908826828003
-3.0144436359405518,-0.34429240226745605
-2.9678542613983154,-0.20681002736091614
-2.945385694503784,-0.24493443965911865
-3.1317665576934814,-0.18090370297431946
-3.082653045654297,-0.21503455936908722
-3.1126105785369873,-0.29818809032440186
-3.12566876411438,-0.24249598383903503
-3.304821014404297,-0.23041671514511108
-3.199512243270874,-0.23575185239315033
-3.3169217109680176,-0.2878355085849762
-3.3345115184783936,-0.19570833444595337
-3.552889347076416,-0.2646022140979767
-3.2736270427703857,-0.239452064037323
-3.251300811767578,-0.27790582180023193
-3.389451265335083,-0.2838890552520752
-3.3971660137176514,-0.19030174612998962
-3.17468523979187,-0.24188858270645142
-3.3281571865081787,-0.28271204233169556
-3.3447844982147217,-0.1038423404097557
-3.1254210472106934,-0.427341103553772
-3.4174957275390625,-0.2285809963941574
-3.413705587387085,-0.366060733795166
-3.361541509628296,-0.2932701110839844
-3.460707187652588,-0.27505356073379517
-3.408038854598999,-0.23374579846858978
-3.3529953956604004,-0.26154226064682007
-3.3455235958099365,-0.17825528979301453
-3.2842490673065186,-0.2595336437225342
-3.14164662361145,-0.3171413540840149
-3.3788812160491943,-0.22111348807811737
-3.3768742084503174,-0.22048944234848022
-3.3679745197296143,-0.24304991960525513
-3.2644543647766113,-0.213349848985672
-3.1634535789489746,-0.37345558404922485
-3.3377671241760254,-0.28179436922073364
-3.3078746795654297,-0.3835239112377167
-3.5317611694335938,-0.19676397740840912
-3.368506669998169,-0.2817416489124298
-3.10959792137146,-0.2940140962600708
-3.24729323387146,-0.3076387643814087
-3.0686795711517334,-0.33139145374298096
-3.2609753608703613,-0.2875760793685913
-3.193005323410034,-0.3057500123977661
-3.328723907470703,-0.33068400621414185
-3.1955296993255615,-0.32242101430892944
-3.439002752304077,-0.18979883193969727
-3.238863468170166,-0.3212599754333496
-3.287522077560425,-0.3613196909427643
-3.4930946826934814,-0.3214482069015503
-3.3080480098724365,-0.18863466382026672
-3.408496618270874,-0.31839877367019653
-3.2892913818359375,-0.4239416718482971
-3.3032195568084717,-0.29563504457473755
-3.423612594604492,-0.12327970564365387
-3.1591665744781494,-0.46237310767173767
-3.171022653579712,-0.3896517753601074
-3.1837680339813232,-0.2534348964691162
-3.194880962371826,-0.24577933549880981
-3.2463347911834717,-0.4013405740261078
-3.038841962814331,-0.16571059823036194
-3.1450555324554443,-0.29694071412086487
-3.1954028606414795,-0.2700526714324951
-3.10040545463562,-0.31369736790657043
-3.0905282497406006,-0.23551850020885468
-2.9787521362304688,-0.2755923867225647
-3.324216604232788,-0.059199512004852295
-3.364755392074585,-0.26175016164779663
-3.2669713497161865,-0.40933525562286377
-3.2670650482177734,-0.2629927396774292
-3.2186124324798584,-0.3075457811355591
-3.2289695739746094,-0.3315843939781189
-3.4127681255340576,-0.2960604727268219
-3.5698235034942627,-0.277904748916626
-3.425244092941284,-0.19717758893966675
-3.2449538707733154,-0.17291809618473053
-3.410959005355835,-0.20062628388404846
-3.3097946643829346,-0.07463449984788895
-3.175259590148926,-0.20369896292686462
-3.146723508834839,-0.2440258413553238
-3.0562217235565186,-0.32933518290519714
-2.9565823078155518,-0.266647070646286
-3.1863067150115967,-0.1764705926179886
-3.0504324436187744,-0.20932386815547943
-3.196274518966675,-0.3600812256336212
-3.1705126762390137,-0.2830691933631897
-3.225654363632202,-0.15482613444328308
-3.380633592605591,-0.27229031920433044
-3.235532522201538,-0.2645301818847656
-3.3388803005218506,-0.3971501588821411
-3.6751763820648193,0.0029131174087524414
-3.456611394882202,0.44469332695007324
-3.515864610671997,-0.05516617000102997
-3.3031723499298096,-0.1414528638124466
-3.1796886920928955,-0.10657123476266861
-3.0199875831604004,-0.095738485455513
-2.95762300491333,-0.13353338837623596
-2.924795627593994,0.06302984058856964
-2.9694325923919678,-0.09007041156291962
-3.018782377243042,-0.12714630365371704
-3.072981357574463,-0.4042857885360718
-2.999051570892334,-0.05157221853733063
-3.1575253009796143,-0.09737162292003632
-3.178069829940796,-0.030703961849212646
-3.1011693477630615,-0.1451968550682068
-3.026029348373413,0.4229801893234253
-3.1608033180236816,-0.14292019605636597
-3.255903720855713,-0.39741969108581543
-3.4174206256866455,-0.467195987701416
-3.4452178478240967,-0.4337582290172577
-3.5761306285858154,-0.33334416151046753
-3.6626522541046143,-0.3090542256832123
-3.690645217895508,-0.18360546231269836
-3.801050901412964,-0.18143433332443237
-3.7770020961761475,-0.09646599739789963
-3.3401315212249756,0.17622047662734985
-3.648226261138916,-0.11045724153518677
-3.6777188777923584,-0.15833686292171478
-3.630030870437622,-0.17257654666900635
-3.55378794670105,-0.18614791333675385
-3.6039879322052,0.21139800548553467
-3.5786826610565186,-0.3018728494644165
-3.4364192485809326,-0.21614451706409454
-3.4953057765960693,-0.19397801160812378
-3.4846866130828857,-0.20596687495708466
-3.4796016216278076,-0.3741309344768524
-3.3786964416503906,-0.3667494058609009
-3.3716065883636475,-0.32813745737075806
-3.3358819484710693,-0.4723072052001953
-3.2898342609405518,-0.19214321672916412
-3.253788709640503,-0.3093051314353943
-3.1776092052459717,-0.3065016269683838
-3.1144559383392334,-0.4210447072982788
-3.064119815826416,-0.371133953332901
-3.0713069438934326,-0.20369204878807068
-3.0966129302978516,-0.20918649435043335
-3.08581280708313,-0.3479631841182709
-3.065014600753784,-0.08459047228097916
-3.040853261947632,-0.42719703912734985
-3.1314518451690674,-0.1608145534992218
-3.083930730819702,-0.23731760680675507
-3.156892776489258,-0.21237175166606903
-3.1706206798553467,-0.2539280354976654
-3.22308349609375,-0.24549230933189392
-3.2564704418182373,-0.061560336500406265
-3.3668041229248047,-0.1419389694929123
-3.4090077877044678,-0.3854221701622009
-3.4627861976623535,-0.2972928285598755
-3.509920120239258,-0.1553562581539154
-3.511579990386963,-0.2291606068611145
-3.516407012939453,-0.35426798462867737
-3.495234727859497,-0.2551281750202179
-3.4673027992248535,-0.280622661113739
-3.3577048778533936,-0.3590325117111206
-3.321986436843872,-0.2926284670829773
-3.3091866970062256,-0.1668567657470703
-3.319171190261841,-0.3191736936569214
-3.3502235412597656,-0.08086635172367096
-3.2835640907287598,-0.32969537377357483
-3.284409761428833,-0.33801695704460144
-3.2850799560546875,-0.18368518352508545
-3.2400474548339844,-0.3888710141181946
-3.2908637523651123,-0.3230007290840149
-3.212064743041992,-0.4617787003517151
-3.268342971801758,-0.11523423343896866
-3.2031288146972656,-0.26607802510261536
-3.1810998916625977,-0.21523061394691467
-3.195483922958374,-0.3653324246406555
-3.198755979537964,-0.3741515576839447
-3.204273223876953,-0.40624096989631653
-3.1810877323150635,-0.3145389258861542
-3.23919677734375,-0.14653262495994568
-3.196101427078247,-0.27236208319664
-3.1769611835479736,-0.3488895297050476
-3.184230089187622,-0.3716321587562561
-3.1809258460998535,-0.3525419533252716
-3.218484878540039,-0.25314459204673767
-3.2477524280548096,-0.355374276638031
-3.247377395629883,-0.22950227558612823
-3.2752327919006348,-0.23747722804546356
-3.271017551422119,-0.3031052052974701
-3.2784264087677,-0.22454001009464264
-3.3397011756896973,-0.25986430048942566
-3.3017845153808594,-0.2818755805492401
-3.303464889526367,-0.3933693766593933
-3.291645050048828,-0.2769043445587158
-3.337796449661255,-0.3133797347545624
-3.3727829456329346,-0.3667364716529846
-3.290069341659546,-0.35313543677330017
-3.3283774852752686,-0.2182873785495758
-3.383906126022339,-0.3029741048812866
-3.372199296951294,-0.05632998049259186
-3.551046848297119,-0.07264147698879242
-3.5209476947784424,-0.178595170378685
-3.550245761871338,-0.12959665060043335
-3.4406707286834717,-0.137764573097229
-3.490926742553711,0.014709047973155975
-3.4469869136810303,-0.05615537613630295
-3.4328880310058594,0.03557784855365753
-3.1287314891815186,-0.012507446110248566
-3.166234254837036,-0.025971151888370514
-3.0019795894622803,-0.11823500692844391
-2.8560898303985596,-0.10281521826982498
-2.9814059734344482,-0.10206860303878784
-2.729933977127075,-0.1661953181028366
-2.605287551879883,-0.285219669342041
-2.416414260864258,-0.31477126479148865
-2.3745596408843994,-0.2766609191894531
-2.400986433029175,-0.19112007319927216
-2.227095365524292,-0.3075520098209381
-2.210728406906128,-0.4073348939418793
-2.407398223876953,-0.1316210925579071
-2.3104608058929443,-0.3072182536125183
-2.178466558456421,-0.31520524621009827
-2.230262517929077,-0.28295451402664185
-2.326550245285034,-0.4655061662197113
-2.3083438873291016,-0.5001026391983032
-2.250905990600586,-0.4291543662548065
-2.256246566772461,-0.48750919103622437
-2.2571616172790527,-0.5130107998847961
-2.290595054626465,-0.16336679458618164
-2.359053134918213,-0.4747794270515442
-2.403717279434204,-0.5943341255187988
-2.2208425998687744,-0.3478117287158966
-2.3881866931915283,-0.4766242504119873
-2.3720169067382812,-0.4912593364715576
-2.353973150253296,-0.2420477569103241
-2.4375159740448,-0.49645835161209106
-2.3708579540252686,-0.4560113549232483
-2.3560211658477783,-0.3275016248226166
-2.5516812801361084,-0.412894606590271
-3.10601544380188,0.1990855634212494
-3.231355667114258,0.01877330243587494
-2.9671390056610107,-1.070418357849121
-2.9776341915130615,-1.6900137662887573
-3.337867021560669,-1.4511470794677734
-3.4512314796447754,-1.2374516725540161
-3.9029152393341064,-0.9409605264663696
-4.242583274841309,-0.5777375102043152
-4.511423587799072,-0.25293123722076416
-4.71260404586792,-0.040401890873909
-4.654415607452393,-0.00536104291677475
-4.657750606536865,0.13762930035591125
-4.851067543029785,0.20650427043437958
-4.448160171508789,0.15937931835651398
-4.341378211975098,0.10876227915287018
-4.2037787437438965,0.07036380469799042
-4.225463390350342,0.00351676344871521
-3.9493367671966553,0.015528455376625061
-3.8619580268859863,-0.04903813451528549
-3.5534064769744873,-0.16468246281147003
-3.529371738433838,0.4907556176185608
-3.342026472091675,-0.2385200411081314
-3.26328706741333,-0.19654783606529236
-3.2317745685577393,-0.22700372338294983
-3.255641222000122,-0.31570965051651
-3.231898546218872,-0.22417958080768585
-3.1168198585510254,-0.2961711287498474
-3.219656467437744,-0.39041274785995483
-3.2660539150238037,-0.4552910625934601
-3.2684357166290283,-0.4777865707874298
-3.40058970451355,-0.469028115272522
-3.347841739654541,-0.35280072689056396
-3.3443310260772705,-0.3218753933906555
-3.364737033843994,-0.2891930341720581
-3.356457471847534,-0.3067730665206909
-3.3465988636016846,-0.520769476890564
-3.2781035900115967,-0.4020038843154907
-3.2313919067382812,-0.24979066848754883
-3.3089725971221924,-0.17439526319503784
-3.328458070755005,-0.24902191758155823
-3.424304246902466,-0.1851288378238678
-3.422852039337158,-0.31370681524276733
-3.501026153564453,-0.11985191702842712
-3.6133391857147217,-0.14822819828987122
-3.630727529525757,-0.1416095495223999
-3.7705795764923096,-0.08557423949241638
-3.9924628734588623,0.013501614332199097
-3.9596855640411377,-0.26780158281326294
-4.060692310333252,-0.24497923254966736
-4.263408184051514,-0.43335404992103577
-4.017343521118164,-0.3995874524116516
-4.157789707183838,-0.3743993937969208
-4.430065631866455,-0.21864482760429382
-4.325389385223389,-0.31172868609428406
-4.358663082122803,-0.2680901885032654
-4.486882209777832,-0.15655580163002014
-4.369452953338623,-0.18464738130569458
-4.479407787322998,-0.07833988964557648
-4.202236175537109,-0.08099936693906784
-4.045932292938232,-0.21434445679187775
-4.326927661895752,-0.01967732608318329
-4.168890476226807,-0.15546660125255585
-4.23846435546875,-0.16805389523506165
-4.170791149139404,-0.23227623105049133
-4.196045875549316,-0.049949467182159424
-4.110767364501953,-0.16960588097572327
-4.1662163734436035,-0.0025574713945388794
-4.143481731414795,-0.16524046659469604
-4.277022361755371,-0.21356938779354095
-4.134559154510498,-0.17059458792209625
-4.094025611877441,-0.25199204683303833
-4.03939962387085,-0.16246458888053894
-4.162217617034912,-0.1464032083749771
-3.8836686611175537,-0.4315335154533386
-4.069983959197998,-0.33998483419418335
-4.11934232711792,-0.18959850072860718
-3.829566240310669,-0.3270154297351837
-3.8426597118377686,-0.19019006192684174
-3.7561213970184326,-0.47406694293022156
-3.623323917388916,-0.42674994468688965
-3.757720708847046,-0.26301348209381104
-3.7317798137664795,-0.2798546552658081
-3.652844190597534,-0.12210244685411453
-3.599931001663208,-0.08146388083696365
-3.4550628662109375,-0.17601388692855835
-3.3904800415039062,-0.3200801908969879
-3.3856754302978516,-0.3606429100036621
-3.289849042892456,-0.3394990563392639
-3.274606704711914,-0.29051363468170166
-3.1959221363067627,-0.21426773071289062
-3.164268970489502,-0.33308836817741394
-3.098604917526245,-0.18923738598823547
-3.018524646759033,-0.3302876353263855
-3.11448073387146,-0.288318395614624
-3.1648406982421875,-0.288906067609787
-2.8899097442626953,-0.1356489509344101
-3.028454065322876,-0.2122802883386612
-2.951348304748535,-0.22682788968086243
-3.0739657878875732,-0.22418197989463806
-2.864392042160034,-0.11118513345718384
-3.167452812194824,-0.10360504686832428
-3.194810628890991,-0.05856357142329216
-3.2737388610839844,0.023220710456371307
-3.228126287460327,0.024280287325382233
-3.2615489959716797,-0.0999356210231781
-3.407771348953247,0.055988430976867676
-3.524467945098877,-0.010539606213569641
-3.555494785308838,-0.13356968760490417
-3.623319387435913,-0.12391161173582077
-3.7368927001953125,-0.1137688159942627
-3.979377031326294,-0.15176445245742798
-4.137619972229004,-0.08756271004676819
-4.186401844024658,-0.21548739075660706
-4.193360805511475,-0.23165269196033478
-4.339465618133545,-0.2886965274810791
-4.468570232391357,-0.403095006942749
-4.450700283050537,-0.35566794872283936
-4.3137640953063965,-0.12256836146116257
-4.078633785247803,-0.23215395212173462
-4.103634834289551,0.04121898114681244
-3.7667431831359863,-0.3618035912513733
-3.7043685913085938,-0.17223963141441345
-3.5131614208221436,-0.25116199254989624
-3.458829879760742,-0.33327406644821167
-3.4938278198242188,-0.526199996471405
-3.415712356567383,-0.2655865550041199
-3.3113086223602295,-0.3394152820110321
-3.318002462387085,-0.40915483236312866
-3.3035049438476562,-0.4366697371006012
-3.317014455795288,-0.5755042433738708
-3.35485577583313,-0.36483266949653625
-3.5188019275665283,-0.19423866271972656
-3.6131591796875,-0.06963393837213516
-3.8496901988983154,-0.08860961347818375
-4.006603240966797,-0.2898867726325989
-3.9933197498321533,-0.16101446747779846
-4.3713860511779785,-0.30553409457206726
-4.69611120223999,-0.5016922354698181
-4.53731107711792,-0.3252209722995758
-4.865226745605469,-0.25498563051223755
-4.690614223480225,-0.03244394063949585
-4.511966228485107,0.05683942139148712
-4.537043571472168,0.07070519775152206
-4.2971086502075195,0.05433066934347153
-3.9813973903656006,-0.04237155616283417
-3.8291633129119873,-0.08296063542366028
-3.4600791931152344,-0.2651914656162262
-3.4018807411193848,-0.34481197595596313
-3.2215287685394287,-0.3080383539199829
-3.1792025566101074,-0.31336885690689087
-3.106154680252075,-0.32809028029441833
-3.1182401180267334,-0.4480900764465332
-3.074188232421875,-0.29109376668930054
-3.1786999702453613,-0.494265615940094
-3.1067962646484375,-0.29802894592285156
-3.1860108375549316,-0.45709073543548584
-3.1255531311035156,-0.32905831933021545
-3.158881425857544,-0.32043901085853577
-3.146192789077759,-0.33732032775878906
-3.166620969772339,-0.40380555391311646
-3.221893787384033,-0.6451185345649719
-3.2765700817108154,-0.1993671953678131
-3.3712518215179443,-0.22369980812072754
-3.4395864009857178,-0.4002852737903595
-3.4827640056610107,-0.18906544148921967
-3.504556655883789,-0.2746095359325409
-3.606137990951538,-0.22453145682811737
-3.692939519882202,-0.23229840397834778
-3.9449334144592285,-0.28165653347969055
-3.8131656646728516,-0.27481693029403687
-3.923630952835083,-0.2743687629699707
-3.9827747344970703,-0.3335062861442566
-4.084409236907959,-0.24570614099502563
-3.928365468978882,-0.3158254325389862
-4.267849445343018,-0.23403385281562805
-4.026700019836426,-0.03460496664047241
-3.965522050857544,-0.1794448047876358
-4.138836860656738,-0.08895260095596313
-4.1280341148376465,-0.10686428844928741
-3.982196807861328,-0.15053877234458923
-4.026174545288086,-0.22156254947185516
-4.01700496673584,-0.11934440582990646
-4.150452613830566,-0.1639864444732666
-4.181713581085205,-0.18572872877120972
-4.128701686859131,-0.1316797435283661
-4.24047327041626,-0.17364801466464996
-4.415898323059082,-0.09031908214092255
-4.288812637329102,-0.21127013862133026
-4.556948184967041,-0.1350538432598114
-4.440824031829834,-0.18543453514575958
-4.438903331756592,-0.15610432624816895
-4.603988170623779,-0.26062339544296265
-4.6764068603515625,-0.2946345806121826
-4.6858367919921875,-0.3086397647857666
-4.427342414855957,-0.35352426767349243
-4.651249885559082,-0.2583808898925781
-4.542596340179443,-0.25824397802352905
-4.624875545501709,-0.25702738761901855
-4.491062164306641,-0.05390404164791107
-4.280750274658203,-0.21472403407096863
-4.24518346786499,-0.15121705830097198
-4.275029182434082,-0.17193427681922913
-4.262308597564697,-0.1935126930475235
-4.315043926239014,-0.22597627341747284
-4.305025577545166,-0.10632219910621643
-4.27949857711792,-0.10389941185712814
-4.2458014488220215,-0.1566246747970581
-4.1119232177734375,-0.13861234486103058
-4.233043193817139,-0.12409426271915436
-4.160043239593506,-0.13432207703590393
-4.040241241455078,-0.1719706654548645
-3.9896492958068848,-0.12261424213647842
-3.9268205165863037,-0.1247422993183136
-3.9177937507629395,-0.14247585833072662
-3.8995697498321533,-0.10888630151748657
-3.8825814723968506,-0.05983822047710419
-3.881610155105591,-0.13887396454811096
-3.9983279705047607,-0.18366612493991852
-4.010452747344971,-0.3151007294654846
-4.160613536834717,-0.11290474236011505
-4.109025478363037,-0.20739056169986725
-4.147139072418213,0.0337812602519989
-4.3061203956604,-0.16069769859313965
-4.313104152679443,-0.21125468611717224
-4.131388187408447,0.09820741415023804
-4.297286510467529,-0.17315909266471863
-4.25883150100708,-0.2492736279964447
-4.1558098793029785,-0.14796185493469238
-4.0660552978515625,-0.22172993421554565
-3.931053876876831,-0.2017039954662323
-3.6349353790283203,0.022561371326446533
-4.074824810028076,-0.10729964077472687
-3.8623204231262207,-0.398373544216156
-3.8334832191467285,-0.4398341476917267
-3.7551705837249756,-0.24811221659183502
-3.9287831783294678,-0.23399992287158966
-3.97162127494812,-0.028766922652721405
-4.113945007324219,-0.0971878170967102
-4.182912826538086,-0.3718106746673584
-4.203784942626953,-0.3293178975582123
-4.290490627288818,-0.2457665354013443
-4.472419738769531,-0.0641678050160408
-4.305703163146973,-0.1823081225156784
-4.186840057373047,-0.2230045199394226
-4.002395153045654,-0.2664203643798828
-3.9038124084472656,-0.0586024671792984
-3.7527425289154053,-0.13894367218017578
-3.8037266731262207,-0.21219918131828308
-3.8561646938323975,0.006904885172843933
-3.9579219818115234,-0.022085443139076233
-4.098719596862793,-0.12638643383979797
-4.164166450500488,-0.020014688372612
-4.258218288421631,-0.054490670561790466
-4.294788360595703,-0.03736262768507004
-4.4304656982421875,0.01841743290424347
-4.498378276824951,0.03728960454463959
-4.248874187469482,-0.1985425502061844
-4.479603290557861,-0.2175237238407135
-4.6243109703063965,-0.1594950258731842
-4.844354152679443,0.18354886770248413
-4.754007816314697,0.06590183079242706
-4.606468200683594,0.1146225705742836
-4.488059997558594,-0.018421977758407593
-4.177951812744141,-0.15313784778118134
-4.271646976470947,-0.2507481276988983
-4.035287380218506,-0.060820698738098145
-3.9870872497558594,-0.16837304830551147
-3.74188232421875,-0.3436134159564972
-3.6480870246887207,-0.04648151993751526
-3.502232313156128,-0.16944344341754913
-3.4041459560394287,-0.5861635208129883
-3.347841262817383,-0.4213704764842987
-3.2549126148223877,-0.5375484228134155
-3.2430355548858643,-0.18868714570999146
-3.231806993484497,-0.5288918614387512
-3.1677424907684326,-0.43158775568008423
-3.092576742172241,-0.3336096704006195
-3.130873203277588,-0.5658087730407715
-3.08321213722229,-0.3256416320800781
-3.1876354217529297,-0.4180313050746918
-3.1158127784729004,-0.539692223072052
-3.170872211456299,-0.4806668758392334
-3.2738006114959717,-0.33319249749183655
-3.2986156940460205,-0.3969576954841614
-3.3036041259765625,-0.2909395694732666
-3.464040517807007,-0.23156601190567017
-3.938805341720581,-0.010731637477874756
-4.319021701812744,-0.1983720064163208
-4.388897895812988,-0.06262338161468506
-4.597367763519287,-0.22665026783943176
-4.841556549072266,-0.2555904686450958
-4.927598476409912,-0.0579528883099556
-4.906177520751953,0.10310075432062149
-4.623663425445557,0.04007615149021149
-4.308551788330078,0.002949841320514679
-4.10088586807251,-0.14556357264518738
-3.893918991088867,-0.0619334876537323
-3.598003387451172,-0.21631774306297302
-3.5996811389923096,-0.030737027525901794
-3.4469830989837646,-0.15474343299865723
-3.2238824367523193,-0.2956244647502899
-3.271106719970703,-0.3523803949356079
-3.298102617263794,-0.25668251514434814
-3.22391939163208,-0.33223506808280945
-3.1216342449188232,-0.3832540214061737
-3.1238176822662354,0.1519768238067627
-3.3413307666778564,-0.19566205143928528
-3.209373950958252,-0.5195357203483582
-3.2255942821502686,-0.4347189664840698
-3.127293348312378,-0.6112315058708191
-3.159536838531494,-0.3453655242919922
-3.2947776317596436,-0.3570159077644348
-3.2510323524475098,-0.3523387014865875
-3.3287742137908936,-0.20858851075172424
-3.2812957763671875,-0.2999187111854553
-3.2140042781829834,-0.3230212926864624
-3.348832368850708,-0.1601962149143219
-3.2326018810272217,-0.41056105494499207
-3.303349256515503,-0.3334818184375763
-3.341416120529175,-0.2916226089000702
-3.2081220149993896,-0.4275508522987366
-3.296100616455078,-0.2927051782608032
-3.2943222522735596,-0.34111660718917847
-3.1745026111602783,-0.4144818186759949
-3.2770538330078125,-0.35420969128608704
-3.1388938426971436,-0.3089107275009155
-3.2254035472869873,-0.36091148853302
-3.084059476852417,-0.39198926091194153
-3.054550886154175,-0.4267162084579468
-3.0127270221710205,-0.3239903450012207
-3.039247512817383,-0.3546266555786133
-3.0325191020965576,-0.3593047559261322
-3.0371148586273193,-0.4646870195865631
-3.118821620941162,-0.2997606098651886
-3.129227876663208,-0.3577926754951477
-3.1620495319366455,-0.3396868407726288
-3.2175605297088623,-0.3470577001571655
-3.098902940750122,-0.353443443775177
-3.177597761154175,-0.2567751705646515
-3.281794786453247,-0.1441774219274521
-3.174896001815796,-0.25294357538223267
-3.1391656398773193,-0.2327343225479126
-3.184542655944824,-0.24586039781570435
-3.4184532165527344,-0.25128379464149475
-3.2858784198760986,-0.06621474027633667
-3.3560967445373535,-0.2930109202861786
-3.335280656814575,-0.30376091599464417
-3.2072389125823975,-0.2639346718788147
-3.221256971359253,-0.4922158718109131
-3.27055287361145,-0.4891739785671234
-3.236576557159424,-0.39176344871520996
-3.2975003719329834,-0.5243104100227356
-3.3319509029388428,-0.43576401472091675
-3.2505581378936768,-0.34550660848617554
-3.4451546669006348,-0.15688298642635345
-3.391869068145752,-0.26395830512046814
-3.3684422969818115,-0.1570543646812439
-3.332413911819458,-0.38204225897789
-3.3482558727264404,-0.332874059677124
-3.3883092403411865,-0.306193470954895
-3.4948623180389404,-0.315143883228302
-3.365452527999878,-0.3611844778060913
-3.343892812728882,-0.3766382038593292
-3.2729644775390625,-0.33043578267097473
-3.3554234504699707,-0.4882955253124237
-3.216522216796875,-0.4318614602088928
-3.291367769241333,-0.24736616015434265
-3.349756956100464,-0.20483075082302094
-3.3740265369415283,-0.22278156876564026
-3.2147414684295654,-0.3320010304450989
-3.3248841762542725,-0.2923416495323181
-3.329789876937866,-0.36218252778053284
-3.4027602672576904,-0.2810267210006714
-3.3078057765960693,-0.21308404207229614
-3.2348415851593018,-0.12835298478603363
-3.2446115016937256,-0.232362300157547
-3.0917861461639404,-0.2697758078575134
-3.1931004524230957,-0.25377145409584045
-3.229940891265869,-0.17393341660499573
-3.2205522060394287,-0.31310099363327026
-3.3488731384277344,-0.1969776749610901
-3.2585644721984863,-0.17396070063114166
-3.5734543800354004,-0.13947570323944092
-3.5823471546173096,-0.290787935256958
-3.749800205230713,-0.2648252844810486
-3.512383222579956,-0.14284230768680573
-3.293700933456421,-0.10341499000787735
-3.3259904384613037,-0.14044785499572754
-3.1611249446868896,-0.25913846492767334
-3.0110414028167725,-0.28095099329948425
-2.9464175701141357,-0.29580605030059814
-2.949732542037964,-0.35441792011260986
-2.958913564682007,-0.23224163055419922
-2.973358392715454,-0.16595283150672913
-3.0543670654296875,-0.12298455834388733
-3.0086896419525146,-0.2970275282859802
-2.9660511016845703,-0.21665650606155396
-2.91867995262146,-0.5543850660324097
-2.8702359199523926,-0.19055213034152985
-2.913416624069214,-0.4603838622570038
-2.932698965072632,-0.28318673372268677
-2.76111102104187,-0.43536847829818726
-2.8360280990600586,-0.4147520065307617
-2.7556874752044678,-0.33345964550971985
-2.8040835857391357,-0.4388601779937744
-2.7748889923095703,-0.418700635433197
-2.8683078289031982,-0.3227439820766449
-2.906111478805542,-0.6054325103759766
-2.8550987243652344,-0.40050628781318665
-2.9633476734161377,-0.21624964475631714
-3.015062093734741,-0.4123559594154358
-3.1181182861328125,-0.46794310212135315
-3.126059055328369,-0.34259742498397827
-3.213660955429077,-0.40725842118263245
-3.232037305831909,-0.13947859406471252
-3.287015199661255,-0.31284618377685547
-3.300922393798828,-0.35438892245292664
-3.3112900257110596,-0.33332622051239014
-3.495725393295288,-0.27650174498558044
-3.175440549850464,-0.298098623752594
-3.159851551055908,-0.18845734000205994
-3.2701072692871094,-0.08882147818803787
-3.112687110900879,-0.14102303981781006
-3.055595874786377,-0.31203606724739075
-3.2347028255462646,-0.26753145456314087
-3.11445689201355,-0.24555502831935883
-3.1030051708221436,-0.3620986342430115
-3.2140953540802,-0.29639947414398193
-3.4555954933166504,0.10057938098907471
-3.3370919227600098,-0.1633637249469757
-3.069931745529175,-0.17554348707199097
-2.9631965160369873,-0.1738351583480835
-2.7542266845703125,-0.2654135227203369
-2.740539789199829,-0.3190440237522125
-2.7111737728118896,-0.3093947172164917
-2.683366537094116,-0.46932393312454224
-2.6378612518310547,-0.23608079552650452
-2.661226987838745,-0.3971365690231323
-2.714277505874634,-0.08707490563392639
-2.695166826248169,-0.16293415427207947
-2.679417133331299,-0.5213032960891724
-2.650764226913452,-0.1959964632987976
-2.683063507080078,-0.26976555585861206
-2.800615072250366,-0.36949265003204346
-2.8501064777374268,-0.3091777563095093
-2.963860034942627,-0.358997106552124
-3.240800142288208,-0.07404392957687378
-3.8437111377716064,-0.5700416564941406
-3.8110032081604004,0.3459467887878418
-4.72104549407959,-0.6095205545425415
-4.94572639465332,-0.6156487464904785
-5.022026062011719,-0.4183361828327179
-5.096078395843506,-0.09410811960697174
-4.732987880706787,-0.0437706783413887
-4.393735408782959,0.01528903841972351
-4.256410121917725,-0.028945833444595337
-4.0571160316467285,-0.122262142598629
-3.9024264812469482,-0.05245153605937958
-3.7929368019104004,-0.11018390208482742
-3.697279453277588,-0.19102531671524048
-3.3341012001037598,0.028106689453125
-3.610131025314331,0.2807703912258148
-3.477386951446533,-0.09965397417545319
-3.448024034500122,-0.27653488516807556
-3.390819549560547,-0.38777104020118713
-3.332350254058838,-0.3553506135940552
-3.2433204650878906,-0.4808635711669922
-3.22314453125,-0.3462335467338562
-3.1752405166625977,-0.2623985707759857
-3.0758113861083984,-0.2089724838733673
-3.1588094234466553,-0.22737888991832733
-3.0939011573791504,-0.18671339750289917
-3.1294639110565186,-0.17558956146240234
-3.2043845653533936,-0.37919652462005615
-3.2494797706604004,-0.23648302257061005
-3.3252506256103516,-0.1582333743572235
-3.548262357711792,-0.12349878251552582
-3.621673345565796,-0.13371378183364868
-3.664142370223999,-0.30536574125289917
-3.794482469558716,-0.21553829312324524
-3.8566787242889404,-0.313346266746521
-3.9862563610076904,-0.3423181474208832
-3.931427001953125,-0.2190723717212677
-4.026224613189697,-0.306846022605896
-4.015970706939697,-0.22230446338653564
-4.173027515411377,-0.21841850876808167
-4.11665678024292,-0.2520661950111389
-4.216609477996826,-0.15487980842590332
-4.212887287139893,-0.17240914702415466
-4.08754825592041,-0.3112330436706543
-3.9881436824798584,-0.2091420292854309
-4.1056928634643555,-0.12895140051841736
-4.04433536529541,-0.29835188388824463
-3.8242554664611816,-0.22125376760959625
-3.964946746826172,-0.14713266491889954
-3.6337010860443115,-0.34773075580596924
-3.5914268493652344,-0.32934725284576416
-3.4970147609710693,-0.11822402477264404
-3.5334413051605225,-0.14247947931289673
-3.4791717529296875,-0.3244979679584503
-3.2947540283203125,-0.3800114691257477
-3.338169813156128,-0.2804834842681885
-3.1242055892944336,-0.3427407145500183
-3.2490220069885254,-0.5926781296730042
-3.3629958629608154,-0.31233328580856323
-3.1771950721740723,-0.35370153188705444
-3.239001989364624,-0.3561035692691803
-3.073760747909546,-0.4240265190601349
-3.0919349193573,-0.48626646399497986
-3.028958559036255,-0.3123472332954407
-3.0282676219940186,-0.48923972249031067
-3.0680384635925293,-0.40504539012908936
-3.045283317565918,-0.307098925113678
-3.0826759338378906,-0.33321231603622437
-2.9269959926605225,-0.5399603843688965
-3.048837661743164,-0.46808916330337524
-2.9462954998016357,-0.3846083879470825
-2.9267325401306152,-0.4550626277923584
-3.056375741958618,-0.3252793252468109
-3.0011584758758545,-0.3694266080856323
-3.0416667461395264,-0.2491772472858429
-3.138444423675537,-0.17393070459365845
-3.165306568145752,-0.41653141379356384
-3.3192718029022217,-0.3390856385231018
-3.4815940856933594,-0.45370447635650635
-3.548360824584961,-0.5142601132392883
-3.832859754562378,-0.36026671528816223
-3.6968390941619873,-0.2900877296924591
-3.821246385574341,-0.21067683398723602
-3.772148609161377,-0.1877395361661911
-3.558354616165161,-0.32077163457870483
-3.4692959785461426,-0.3192943334579468
-3.2411727905273438,-0.23738239705562592
-3.316246747970581,-0.15082159638404846
-3.33697247505188,-0.28810957074165344
-3.1365394592285156,-0.3420703113079071
-3.2337188720703125,-0.30874577164649963
-3.290703296661377,-0.23579782247543335
-2.835740566253662,-0.08136134594678879
-2.9513425827026367,-0.15556904673576355
-2.9556033611297607,-0.22455145418643951
-3.2128498554229736,-0.2848738133907318
-3.2100090980529785,-0.27726081013679504
-3.1656625270843506,-0.4203057885169983
-3.2394542694091797,-0.4506015479564667
-3.331266164779663,-0.4304440915584564
-3.287264347076416,-0.5993212461471558
-3.181516647338867,-0.45644769072532654
-3.2154366970062256,-0.48312681913375854
-3.2644639015197754,-0.3149510324001312
-3.179448366165161,-0.49692395329475403
-3.2494468688964844,-0.4596542716026306
-3.1113383769989014,-0.6136921644210815
-3.1699962615966797,-0.47036033868789673
-3.146174907684326,-0.2513325810432434
-3.203005313873291,-0.21020525693893433
-3.2604668140411377,-0.2629709243774414
-3.1655869483947754,-0.3424391746520996
-3.086254835128784,-0.2717386782169342
-3.219379425048828,-0.2747218608856201
-2.885577917098999,-0.42080456018447876
-3.000300407409668,-0.3410104513168335
-2.991276264190674,-0.3283376693725586
-3.036689043045044,-0.22060291469097137
-3.041841745376587,-0.18772922456264496
-3.1181890964508057,-0.005788572132587433
-3.0447022914886475,-0.23886016011238098
-3.09533953666687,-0.2249097377061844
-3.182565450668335,-0.23078572750091553
-3.253110647201538,-0.2264799177646637
-3.273252248764038,-0.1770966351032257
-3.2805423736572266,-0.11069519817829132
-3.2127175331115723,-0.16935455799102783
-3.1856772899627686,-0.1548294872045517
-2.987650156021118,-0.13126307725906372
-2.874500036239624,-0.12215401232242584
-2.9389777183532715,-0.16014039516448975
-2.7686145305633545,-0.39522963762283325
-2.7713980674743652,-0.4170083999633789
-2.727337598800659,-0.2678925096988678
-2.7140915393829346,-0.1625547707080841
-2.735179901123047,-0.1777440458536148
-2.688192844390869,-0.46587100625038147
-2.6698358058929443,-0.240671306848526
-2.7423741817474365,-0.30531343817710876
-2.827010154724121,-0.10039375722408295
-3.0398995876312256,0.07288512587547302
-3.2680587768554688,-0.024488121271133423
-3.217472553253174,-0.2789996862411499
-3.2049720287323,-0.3223230838775635
-3.2695090770721436,-0.32810458540916443
-3.3549232482910156,-0.3804888129234314
-3.479830265045166,-0.22859883308410645
-3.5585200786590576,-0.14718462526798248
-3.678724765777588,-0.14472025632858276
-3.577094316482544,-0.06263506412506104
-3.4968433380126953,-0.10600315779447556
-3.34222412109375,-0.08746293187141418
-3.186049699783325,-0.23426657915115356
-3.1554369926452637,-0.19935482740402222
-3.0419762134552,-0.2243349701166153
-2.977280378341675,-0.18883192539215088
-2.954040050506592,-0.218971848487854
-2.8174543380737305,-0.28144150972366333
-2.7657999992370605,-0.34601396322250366
-2.8884925842285156,-0.07551288604736328
-2.914640188217163,-0.35983604192733765
-2.7880067825317383,-0.4416697919368744
-2.693699836730957,-0.5001295208930969
-2.673973321914673,-0.44784921407699585
-2.6725494861602783,-0.5379951596260071
-2.683434247970581,-0.10040014982223511
-2.7532575130462646,-0.32896319031715393
-2.6864330768585205,-0.5170996189117432
-2.6944549083709717,-0.4515272378921509
-2.6689603328704834,-0.27130699157714844
-2.6370770931243896,-0.5134298801422119
-2.555713415145874,-0.3011251986026764
-2.5775508880615234,-0.17423497140407562
-2.7639596462249756,-0.16285169124603271
-2.9828178882598877,0.16019749641418457
-3.037287950515747,-0.4663904309272766
-3.0087034702301025,-0.49295660853385925
-3.07962703704834,-0.4566205143928528
-3.122934341430664,-0.3784557580947876
-3.10093355178833,-0.3169553279876709
-3.0785348415374756,-0.27826496958732605
-2.8846044540405273,-0.1899760663509369
-2.832134485244751,-0.2595794200897217
-2.7532479763031006,-0.29315683245658875
-2.5913748741149902,-0.3078114688396454
-2.40095853805542,-0.25695812702178955
-2.3537817001342773,-0.22933736443519592
-2.469616174697876,-0.28845879435539246
-2.2025814056396484,-0.29724112153053284
-2.263942003250122,-0.2886626422405243
-2.137094259262085,-0.08280932903289795
-2.3019731044769287,-0.37855780124664307
-2.20731258392334,-0.3850264847278595
-2.158797025680542,-0.3329184353351593
-2.2732090950012207,-0.34008193016052246
-2.189060688018799,-0.19868658483028412
-2.353916883468628,-0.18579982221126556
-2.3261654376983643,-0.16544027626514435
-2.3820600509643555,-0.18819868564605713
-2.4846322536468506,-0.20685699582099915
-2.509263753890991,-0.2250485122203827
-2.548309803009033,0.05689877271652222
-2.622749090194702,-0.1912028193473816
-2.654024600982666,-0.33481335639953613
-2.704296827316284,-0.2634624242782593
-2.840230703353882,-0.27215683460235596
-2.640923261642456,-0.5424361228942871
-3.1486117839813232,-0.02570509910583496
-2.700805902481079,-0.34384357929229736
-2.6947617530822754,-0.3910427391529083
-2.671487808227539,-0.4044385552406311
-2.7348599433898926,-0.4617272615432739
-2.7268784046173096,-0.30045491456985474
-2.7523462772369385,-0.2923681139945984
-2.7754271030426025,-0.294985294342041
-2.712651014328003,-0.1882089227437973
-2.688753128051758,-0.3962450921535492
-2.662018299102783,-0.34638893604278564
-2.6165013313293457,-0.42544102668762207
-2.636213541030884,-0.23505577445030212
-2.579961061477661,-0.15547285974025726
-2.607868194580078,-0.10399895906448364
-2.6583099365234375,-0.23987841606140137
-2.555341958999634,-0.13672995567321777
-2.609942674636841,-0.24696829915046692
-2.683830499649048,-0.26573923230171204
-2.630079746246338,-0.372643381357193
-2.6642143726348877,-0.2040824592113495
-2.726388692855835,-0.16258025169372559
-2.6678779125213623,-0.2664761543273926
-2.6857566833496094,-0.07134094834327698
-2.655358076095581,-0.13680674135684967
-2.7821202278137207,-0.24234074354171753
-2.7227885723114014,-0.21079684793949127
-2.658597946166992,-0.2789425849914551
-2.6091034412384033,-0.34210288524627686
-2.6067776679992676,-0.07286922633647919
-2.5705575942993164,-0.3594731092453003
-2.5533435344696045,-0.25307345390319824
-2.5431594848632812,-0.1754540503025055
-2.522524356842041,-0.2859755754470825
-2.492095708847046,-0.22427116334438324
-2.524827241897583,-0.18067951500415802
-2.575462818145752,-0.2847248315811157
-2.625762939453125,-0.2062336504459381
-2.7262063026428223,-0.2174503058195114
-2.7225046157836914,-0.20546571910381317
-2.618732213973999,-0.207994282245636
-2.5163495540618896,-0.23869448900222778
-2.5185019969940186,-0.18833839893341064
-2.5264904499053955,-0.04024296998977661
-2.399068832397461,-0.21933433413505554
-2.3782684803009033,-0.23936231434345245
-2.4316670894622803,-0.10164299607276917
-2.576982259750366,-0.25367701053619385
-2.5957627296447754,-0.27365705370903015
-2.7687041759490967,-0.2856251895427704
-2.8011345863342285,-0.163804292678833
-2.7877261638641357,-0.19279251992702484
-2.7614991664886475,-0.08005290478467941
-2.806156873703003,-0.16847604513168335
-2.695483922958374,-0.17900848388671875
-2.461056709289551,-0.39579135179519653
-2.3836724758148193,-0.06246066093444824
-2.402437925338745,-0.4617818593978882
-2.176546335220337,-0.5576807260513306
-2.3141820430755615,-0.17864114046096802
-2.061115264892578,-0.6224561929702759
-2.096331834793091,-0.32747989892959595
-2.105564832687378,-0.41135045886039734
-2.1924500465393066,-0.4240038990974426
-2.177830934524536,-0.7632790207862854
-2.02347993850708,-0.5849632024765015
-1.7296276092529297,-0.37266889214515686
-1.8401676416397095,-0.4244011342525482
-1.8014692068099976,-0.4913449287414551
-1.8736374378204346,-0.4137597680091858
-1.9949146509170532,-0.12227131426334381
-2.4348809719085693,0.14894646406173706
-2.757293701171875,0.19749966263771057
-3.100830316543579,0.1370774507522583
-3.294668674468994,-0.5734398365020752
-3.6135194301605225,-0.31278741359710693
-3.521069288253784,-1.2767361402511597
-3.632329225540161,-1.1190385818481445
-4.094449996948242,-0.8258718252182007
-4.270514965057373,-0.45021942257881165
-4.282742500305176,-0.1650325059890747
-4.303147792816162,0.021316319704055786
-4.2236223220825195,0.0006593689322471619
-3.8141753673553467,-0.041860148310661316
-3.5352230072021484,0.007887676358222961
-3.3664567470550537,-0.11620648950338364
-3.067648410797119,-0.13542665541172028
-2.7720978260040283,0.2650158405303955
-2.948798894882202,-0.13980695605278015
-2.781909704208374,-0.35430604219436646
-2.470414161682129,-0.3726311922073364
-2.440426826477051,-0.4240405857563019
-2.2422597408294678,-0.43148547410964966
-2.17614483833313,-0.4128287732601166
-2.0727996826171875,-0.22518329322338104
-2.151855230331421,-0.34918418526649475
-2.115969181060791,-0.4876710772514343
-2.174290895462036,-0.26266634464263916
-2.0579793453216553,-0.3415963053703308
-2.028756856918335,-0.43956485390663147
-2.0784897804260254,-0.47956401109695435
-2.0645604133605957,-0.37108364701271057
-2.0504558086395264,-0.2668616473674774
-2.144824743270874,-0.24700403213500977
-2.09442138671875,-0.35757923126220703
-2.1464335918426514,-0.29410165548324585
-2.152562379837036,-0.3179004192352295
-2.2670047283172607,-0.11793888360261917
-2.2052533626556396,-0.4369749426841736
-2.274310350418091,-0.26797419786453247
-2.450164318084717,-0.04329735040664673
-2.496333360671997,-0.13478431105613708
-2.481327772140503,-0.31359872221946716
-2.6284236907958984,0.027734458446502686
-2.534209728240967,-0.3444514274597168
-2.815831422805786,-0.18429356813430786
-2.714733839035034,-0.3217287063598633
-2.8835322856903076,-0.047404199838638306
-2.8901474475860596,-0.15411682426929474
-2.8559930324554443,-0.21502360701560974
-2.8106021881103516,-0.17494916915893555
-2.9663760662078857,-0.08576279878616333
-2.8431694507598877,-0.18025195598602295
-2.847710132598877,-0.019197702407836914
-2.9674198627471924,0.057111918926239014
-3.1481995582580566,-0.018432676792144775
-3.159672260284424,-0.17606861889362335
-3.2289559841156006,-0.15277382731437683
-3.0426182746887207,-0.2493763118982315
-2.822448968887329,-0.4124179780483246
-2.8931872844696045,-0.3363773226737976
-2.843824863433838,-0.43359729647636414
-2.7757937908172607,-0.30986273288726807
-2.622983932495117,-0.29827824234962463
-2.599526882171631,-0.3751032054424286
-2.4473302364349365,-0.4141530394554138
-2.1860578060150146,-0.04205507040023804
-2.256446599960327,-0.2683044672012329
-2.219749927520752,-0.4708660840988159
-2.245328664779663,-0.2069694697856903
-2.200758218765259,-0.4401615858078003
-2.0977132320404053,-0.3179604709148407
-2.031564712524414,-0.35739001631736755
-2.041006565093994,-0.30782052874565125
-2.0853655338287354,-0.6010717153549194
-2.0550918579101562,-0.2209589183330536
-2.037707567214966,-0.4922053813934326
-2.119232654571533,-0.35136526823043823
-1.9216293096542358,-0.06465203315019608
-1.9536536931991577,-0.25671854615211487
-2.063704252243042,-0.15740719437599182
-2.1074700355529785,-0.19674769043922424
-2.134910821914673,-0.052879393100738525
-2.2085225582122803,-0.21376052498817444
-2.248276472091675,-0.24257341027259827
-2.3075718879699707,-0.20447513461112976
-2.412576913833618,-0.19124995172023773
-2.412301778793335,-0.27722400426864624
-2.479362964630127,-0.2693465054035187
-2.490880012512207,-0.3266298770904541
-2.386789083480835,-0.4902379512786865
-2.5102531909942627,-0.4804902672767639
-2.4842424392700195,-0.33026066422462463
-2.4542124271392822,-0.41796648502349854
-2.249746799468994,-0.4449157118797302
-2.433803081512451,-0.3035031855106354
-2.35312819480896,-0.5600767731666565
-2.2938520908355713,-0.19229942560195923
-2.2574844360351562,-0.2088160365819931
-2.088188409805298,-0.4510653614997864
-2.2430942058563232,-0.4026668071746826
-2.3268446922302246,0.5908088684082031
-2.114438533782959,-0.21506856381893158
-1.8510745763778687,-0.22662246227264404
-1.9239405393600464,-0.24835532903671265
-1.8443803787231445,-0.40434548258781433
-1.834020972251892,-0.24971914291381836
-1.7864220142364502,-0.4214150309562683
-1.8082107305526733,-0.24704290926456451
-1.7307487726211548,-0.136226087808609
-1.823185920715332,-0.4032318890094757
-1.7948516607284546,-0.2826988399028778
-1.7892192602157593,-0.2671103775501251
-1.8632045984268188,-0.18149718642234802
-1.8136682510375977,-0.1844274401664734
-1.8575607538223267,-0.3000316917896271
-1.7775917053222656,-0.28858691453933716
-1.8477951288223267,-0.26905402541160583
-1.8021774291992188,-0.34491246938705444
-1.7746623754501343,-0.3349577486515045
-1.933319091796875,-0.25834202766418457
-1.9491958618164062,-0.2450842559337616
-2.055673599243164,-0.19160348176956177
-2.1716628074645996,-0.270160049200058
-2.3456857204437256,-0.3224111795425415
-2.4061357975006104,-0.44085073471069336
-2.6998088359832764,-0.48628079891204834
-2.6437079906463623,-0.46911752223968506
-2.793440580368042,-0.24156519770622253
-2.479182004928589,-0.08839139342308044
-2.5334792137145996,0.01984429359436035
-2.3508737087249756,-0.12446867674589157
-2.297211170196533,-0.1407233476638794
-2.021366834640503,-0.19628824293613434
-1.8916587829589844,-0.15271806716918945
-1.848811388015747,-0.4052666425704956
-1.8890482187271118,-0.39608263969421387
-1.8133445978164673,-0.484366238117218
-1.748023271560669,-0.4263031482696533
-1.730686068534851,-0.2188088446855545
-1.6074539422988892,-0.5661200284957886
-1.6898155212402344,-0.3801426291465759
-1.6496927738189697,-0.42937716841697693
-1.6387261152267456,-0.5336124300956726
-1.7142750024795532,-0.4705931544303894
-1.6816765069961548,-0.5245998501777649
-1.7003086805343628,-0.4648061990737915
-1.687567949295044,-0.3450217843055725
-1.6835459470748901,-0.37493860721588135
-1.6183775663375854,-0.3179996907711029
-1.678523302078247,-0.08711382001638412
-1.7288343906402588,-0.1913307011127472
-1.7983816862106323,-0.375931054353714
-1.888167381286621,-0.25082895159721375
-1.9442949295043945,-0.15806414186954498
-1.994637370109558,-0.17201203107833862
-2.0599772930145264,-0.15819594264030457
-2.1282613277435303,-0.1077532172203064
-2.178314208984375,-0.3200822174549103
-2.3712775707244873,-0.4328576624393463
-2.4928195476531982,-0.4181247353553772
-2.6730315685272217,-0.3415561318397522
-2.5596721172332764,-0.3182605504989624
-2.591383457183838,-0.3331581950187683
-2.6616947650909424,-0.2592267692089081
-2.613372564315796,-0.31285667419433594
-2.616537094116211,-0.3778480887413025
-2.504953384399414,-0.16606299579143524
-2.2736713886260986,-0.2479942888021469
-2.339132308959961,-0.39617419242858887
-2.3716397285461426,-0.428446501493454
-2.261228322982788,-0.3983307480812073
-2.1755847930908203,-0.06559926271438599
-1.9358997344970703,-0.27880191802978516
-1.90265691280365,-0.22486621141433716
-1.9607118368148804,-0.2597889304161072
-1.9480583667755127,-0.3311897814273834
-1.8963508605957031,-0.3513058125972748
-1.7477630376815796,0.7810944318771362
-1.686834692955017,0.3345298767089844
-1.862364411354065,-0.06344053149223328
